"id","Raison sociale","Acronyme","Catégorie","URL registre Assemblée","Statut légal","Site internet","Objectif et mission","Domaines d'activité et centres d'intérêt","Dirigeant / personne juridiquement responsable","Personnes bénéficiaires de la carte de représentant","Adresse et téléphone","Nombre de personnes participant aux activités qui relèvent du champ d'application du registre des représentants","Principales initiatives liées à l'Assemblée nationale couvertes l'année précédente","Adhésion à un code de conduite, une charte éthique ou une charte sur le lobbying","Appartenance à un(e) ou plusieurs réseau(x) / association(s) / fédération(s) / confédération(s)","Année ou période du dernier exercice comptable","Budget global","Dont financement public","Autres sources - Dons","Autres sources - Cotisations des membres","Autres sources - Autres","Autres sources - Commercialisation de produits, services","Chiffre d'affaire de l'entreprise ou du groupe","Répartition du chiffre d'affaire pour chaque domaine d'activité","Chiffre d'affaire lié aux activités directes de représentation d'intérêts effectués pour le compte de client auprès du Parlement","Coûts liés aux activités directes de représentation d'intérêts auprès du Parlement","Budget lié aux activités directes de représentation d'intérêts auprès du Parlement","Information financière complémentaire","Nom des clients","Nombre de personnes employées par l'organisme","Nombre de salariés dans l'entreprise ou dans le groupe - En France","Nombre de salariés dans l'entreprise ou dans le groupe - A l'étranger","Les adhérents - Nature juridique des adhérents","Les adhérents - Nombre total d'adhérents ""personnes physiques""","Les adhérents - Nombre total d'adhérents ""personnes morales""","Les adhérents - Noms des personnes morales membres de l'organisme"
28,"AIR FRANCE",,"Entreprise","http://www2.assemblee-nationale.fr/representant/representant_interet_detail/28","Société Anonyme","http://airfrance.fr","COMPAGNIE AERIENNE","Transports, logistique","Monsieur ALAIN BASSIL (DIRECTEUR GENERAL DELEGUE OPERATIONS)","Madame PATRICIA MANENT","45 RUE DE PARIS 95747 ROISSY CHARLES DE GAULLE FRANCE - (+33) 0141565806",1,"AUDITIONS RENDEZ VOUS AVEC DES PARLEMENTAIRES VISITES INSTALLATIONS DE LA COMPAGNIE A ROISSY","Adhérente à l'ARPP (Association professionnelle des responsables des relations auprès des pouvoirs publics)","FNAM (FEDERATION NATIONALE DE L'AVIATION MARCHANDE) AVENIR TRANSPORTS",2012,25000000000,,,,,,25000000000,,,"Entre 150 000 et 200 000 €","Entre 150 000 et 200 000 €","",,52474,48293,4181,,,,
26,"AIRBUS Group France",,"Entreprise","http://www2.assemblee-nationale.fr/representant/representant_interet_detail/26","Airbus group France ( SAS ) ; Airbus Group ( NV, société de droit néerlandais)","http://www.eads.net","activités aéronautiques : AIRBUS commercial; AIRBUS Helicopters; AIRBUS Defence & Space : Défense ( dissuasions , drones, systèmes de communications ), Espace ( fuséeAriane et satellites ) avions militaires de mission, Sécurité ( systèmes decommunications )","Défense, armement - Industrie - Recherche et technologie - Sécurité - Transports, logistique","Monsieur Philippe BOTTRIE (Directeur des Affaires publiques France)","Madame Annick PERRIMOND - du BREUIL","37 boulevard de Montmorency 75781 Paris France - (+33) 1 42 24 24 24","2 - Annick PERRIMOND- du BREUIL + sa secrétaire","présentation de la nouvelle organisation et de la gouvernance d'EADS; auditions dans le cadre de la préparation de la loi de programmation militaire/LPM; auditions par les rapporteurs budgétaires des commissions Défense et Finances / PLF 2014; MEC sur les programmes de défense en coopération;auditions des dirigeants du groupe par les commissions des Affaires économiques et de la défense; visites de sites industriels en Ile de France","EADS a signé les Global Principles qui certifice son adhésion à l’IFBEC et à sesprincipes. A cet titre,EADS assure en 2013 la présidence de l'IFBEC / International Forum on Business Ethical Conduct for the Aerospace and Defense Industry quirassemble les sociétés Aeronautiques et de défense Européenes (ASD) et Américaines(AIA)","GIFAS / groupement des industries aéronautiques et spatialesGICAN / groupement des industries d'armement naval GICAT / groupement des industries d'armement terrestre",2012,"supérieur à 10 000 000 €",,,,,,"supérieur à 10 000 000 €",,,"Entre 250 000 et 300 000 €","Entre 250 000 et 300 000 €",,,150700,52150,98550,,,,
43,"ARIEP",,"Cabinets de consultants spécialisés","http://www2.assemblee-nationale.fr/representant/representant_interet_detail/43","SAS à capital variable",,"Activités du domaine de l'intelligence économique et des enquêtes","Professions libérales","Monsieur Fabrice BERGER (Président)","Monsieur Fabrice BERGER - Monsieur Bertrand CANAVY - Monsieur Frédérick JACQUELET","2 Ter de l'Oise 78780 MAURECOURT FRANCE - (+33) 6 76 16 90 46",3,,,,"Société créée en 2013","",,,,,,,"Professions libérales - inférieur à 50 000 €","",,"",,"FNCPC - Fédération Nationale des Chambres Professionnelles du Conseil",3,,,,,,
29,"Assemblée des chambres françaises de commerce et d'industrie","CCI France","Organisme public","http://www2.assemblee-nationale.fr/representant/representant_interet_detail/29","Etablissement public","http://www.cci.fr","CCI France est l'établissement tête de réseau des chambres de commerce et d'industrie : à ce titre, il représente auprès des pouvoirs publics nationaux, européenns et internationaux les intérêts du commerce, de l'industrie et des services.","Affaires institutionnelles, vie publique - Audiovisuel et médias, économie numérique - Commerce, distribution - Consommation et concurrence - Droit des sociétés - Éducation, enseignement, formation - Énergie, eau - Environnement, écologie, développement durable - Fiscalité - Hôtellerie, restauration - Immobilier, habitat, logement - Industrie - Jeunesse - Politique régionale - Recherche et technologie - Télécommunications - Transports, logistique","Monsieur André MARCON (Président)","Monsieur JEROME PARDIGON","46 avenue de la Grande Armée 75017 Paris France - 01.40.69.38.41",1,"Auditions ; rendez-vous avec des députés ; communication de contributions.",,,2012,30669781,24308257,"","",1238180,5123344,,,,"Entre 0 et 10 000 €","Entre 0 et 10 000 €",,,179,,,,,,
45,"Associarion Nationale des officiers de Carrière en Retraite","ANOCR","Association","http://www2.assemblee-nationale.fr/representant/representant_interet_detail/45","Association loi 1901","http://www.anocr.com","développement des liens de camaraderie, développement et entretient dans une stricte neutralité politique et confessionnelle, des liens de solidarité entre tous ses memebres. Mène deux ùissions : défense et amélioration de la condition morale et matérielle des membres et contribue au développement de l'esprit de défense de la nation.","Défense, armement","Monsieur Michel Olhagaray (président de l'association)","Monsieur Jean-Paul Ameilhaud","15 Cler 75007 Paris France aucune - 144189218",1,"","","","",255930,"","",97602,"","",,,,"","","",,3,,,"Personnes physiques",9000,,""
30,"Association française d'épargne et de retraite","AFER","Association","http://www2.assemblee-nationale.fr/representant/representant_interet_detail/30","Association loi 1901","http://afer.asso.fr","L'AFER est une association d'épargnants libre et indépendante, dont l'objectif est de paremettre à ses 730.000 adhérents de se constituer une épargne dans le meilleur cadre fiscal et juridique possible et se procurer ainsi un outil patrimonial qui leur permet de se protéger des aléas de la vie et de leur assurer un complément pour leur propre retraite.","Banque, Assurance, finances - Budget et finances publiques - Fiscalité","Monsieur Gérard BEKERMAN (Président)","Madame Marie-Elsa PAQUIN","39 de Châteaudun 75009 Paris France - (+33) 1 40 82 24 24",1,"L'AFER est une force de proposition vis-à-vis des parlementaires et des pouvoirs publics. C'est ainsi que l'AFER a contribué à apporter des arguments lors du rapport parlementaire Lefebvre/Berger en matière d'assurance-vie, de retraite et de prévoyance. Dans le cadre des réflexions sur les problèmes de dépendance, l'AFER a, à plusieurs reprises, répondu aux demandes d'auditions diligentées par les parlementaires ou dans le cadre de débats au sein des deux Assemblées. L'AFER a été souvent appelée à Bercy, soit au cabinet du ministre, soit dans les administrations pour des consultations.","Création d'un comité des sages composé de personnalités indépendantes nommées en dehors des membres de l'Association. Il est sollicité sur tout sujet de déontologie ou de gouvernance de l'Association. Il peut constater l'existence de conflits d'intérêts et être conduit à apprécier l'indépendance des administrateurs et fait rapport de ses travaux au Conseil d'administration.",,"",4000000,"","",,,,,,,"Entre 30 000 et 40 000 €","Entre 30 000 et 40 000 €",,,140,,,"Personnes physiques - Principalement personnes physiques, salariés d'entreprise, épargnants et retraités.","","",""
22,"Association Nationale des Auditeurs Jeunes de l'IHEDN","ANAJ-IHEDN","Association","http://www2.assemblee-nationale.fr/representant/representant_interet_detail/22","Association","http://www.anaj-ihedn.org","Promouvoir l'esprit et la culture de défense auprès de nos élus et des citoyens","Affaires institutionnelles, vie publique - Défense, armement - Jeunesse - Justice et affaires intérieures - Sécurité","Monsieur Francois MATTENS (Président)","Monsieur Francois MATTENS","1 Place Joffre Case 41 75007 Paris France Ecole Militaire - Case 41 - 1 Place Joffre, Paris 7e - 688958058",1,"Organisation d'événements sur les questions internationales, la sécurité et la défense Organisation de visites de sites du ministère de la Défense à destination des élus","Réglement intérieur de l'association","L'ANAJ-IHEDN est membres de l'UNION-IHEDN (Fédération des association de l'IHEDN)","",14306,"",2000,7256,"",5050,,,,"","","Les revenus commerciaux proviennent de la vente d'abonnements à notre revue, à la vente de services (sponsoring, prises de parole)",,2,,,"Personnes physiques - Personnes physiques uniquement",1720,,""
15,"Association Nationale Interprofessionnelle du Bétail et des Viandes","INTERBEV","Autre organisation professionnelle","http://www2.assemblee-nationale.fr/representant/representant_interet_detail/15","Association loi 1901","http://www.interbev.fr","INTERBEV est l'interprofession du bétail et des viandes, elle fédère et représente les intérêts communs de l'élevage, des activités artisanales, industrielles et commerciales de ce secteur. Elle représente 13 organisations nationales, de l'élevage à la distribution (du ""champs"" à l'assiette)","Agriculture, élevage, pêche, bois - Agroalimentaire","Monsieur Yves BERGER (Directeur général)","Madame Marine COLLI","207 de Bercy 75587 Paris France - (+33) 1 44 87 44 60","3 - Directeur général, Directeur général adjoint, chargée des relations parlementaires","Diffusion de lettres d'information, de notes de position, participation à des auditions dans le cadre de groupes d'études ou de la préparation de projets de loi.","Code de conduite s'appliquant aux représentants d'intérêt de l'Assemblée Nationale, du Sénat et du Parlement européen",,2013,41220197,1742327,"",34477000,5245870,"",,,,"Entre 100 000 et 150 000 €","Entre 100 000 et 150 000 €",,,44,,,"Personnes morales - Fédérations.",,13,"Fédération Nationale Bovine, Fédération Nationale Ovine, Coop de France bétail et viandes, Fédération française des commerçants en bestiaux, Fédération française des marchés de bétail vif, Fédération nationale des exploitants d'abattoirs prestataires de service, Fédération nationale de l'industrie et de commerce en gros de viande, Syndicat national de l'industrie des viandes, FCD Comité métier viande, Confédération française de la boucherie, boucherie-charcuterie, traiteurs, Fédération nationale des groupements d'achat et coopératives de la boucherie-charcuterie française, Confédération nationale de la triperie française, Comité de coordination des collectivités."
12,"ASSOCIATION NATIONALE LE REFUGE","LE REFUGE","Association","http://www2.assemblee-nationale.fr/representant/representant_interet_detail/12","ASSOCIATION RECONNUE D'UTILITE PUBLIQUE","http://www.le-refuge.org","L'association est gestionnaire de plusieurs dispositifs d'hébergement d'urgence et d'accompagnement psychologique et social à destination d'adolescents et jeunes majeurs en rupture familiale, victimes d'homophobie ou de transphobie. Interventions en milieu scolaire Gestion d'une ligne d'écoute nationale 24h/24 Formation du personnel éducatif, sensibilisation des citoyens Gestion de plusieurs points d'écoute Prévention du mal-être et des prises de risques","Éducation, enseignement, formation - Famille - Finances sociales - Jeunesse - Santé","Monsieur Nicolas NOGUIER (Président)","Monsieur Nicolas NOGUIER - Madame Clio LEONARD - Monsieur Johan CAVIROT - Monsieur Frédéric GAL","2 Germain 34000 Montpellier France - 631596950","25 - La représentation auprès des pouvoirs publics est une activité essentielle pour notre association. Elle concerne l'ensemble de nos administrateurs, délégués et responsables d'antennes.","L'association est la seule structure de lutte contre l'homophobie à bénéficier de la reconnaissance d'utilité publique. A ce titre, elle a été reçue par de nombreux parlementaires et ministres qui tiennent compte de ses préconisations et contributions dans l'élaboration des actions de lutte contre les discriminations et plus particulièrement contre l'homophobie et la transphobie. Elle s'impose comme l'interlocuteur privilégié des pouvoirs publics.","Les bénévoles signent un contrat de bénévolat dans lequel la déontologie est spécifiée.",,"",600000,250000,200000,24500,115500,10000,,,,9000,9000,,,12,,,"Personnes physiques",2450,,""
25,"Autorité de Contrôle Prudentiel et de Résolution","ACPR","Autorité administrative","http://www2.assemblee-nationale.fr/representant/representant_interet_detail/25","Autorité Administrative Indépendante","http://www.acpr.banque-france.fr","En charge de la supervision bancaire et de l'assurance. Elle est chargée de l'agrément et du contrôle des établissements bancaires et des organismes d'assurance. Elle veille à la préservation de la stabilité financière et à la protection des clients des banques, des assurés et des bénéficiaires de contrats d'assurance. Autorité Indépendante elle est adossée à la Banque de France","Banque, Assurance, finances","Monsieur Christian NOYER (Président de l'ACPR et Gouverneur de la Banque de France)","Madame Véronique BENSAID - COHEN","61 Taitbout 75346 Paris cedex 09 France - 33 1 49.95.40.00","1 - En poste depuis janvier 2001","Veille parlementaire sur tous les textes économiques et financiers. Analyse technique et juridique des modifications législatives apportées aux articles du code monétaire et financier, et code de la consommation","MMe BENSAID - COHEN est membre de l'ARPP (Association professionnelle des responsables avec les pouvoirs publics)",,2012,187000000,"","",187000000,"","",,,,155628,155628,"Le salaire de Mme BENSAID - COHEN est celui transmis par la Banque de France",,1042,,,,,,
21,"Banque de France",,"Autorité administrative","http://www2.assemblee-nationale.fr/representant/representant_interet_detail/21","Autorité Administrative Indépendante","http://www.banque-france.fr","Banque Centrale Nationale membre du Système Européen de Banque Centrale En charge de la réglementation bancaire, de la gestion des fichiers des particuliers, du surrendettement des particuliers, de la cotation des entreprises, de la gestion de la monnaie fiduciaire, etc...","Banque, Assurance, finances","Monsieur Christian NOYER (Gouverneur de la Banque de France)","Madame Véronique BENSAID - COHEN","31 - 39 Croix des Petits Champs 75049 Paris cedex 01 France - 33 1 42.92.42.92","1 - En poste depuis janvier 2001","Veille parlementaire sur tous les textes économiques et financiers. Analyse technique et juridique des modifications législatives apportées aux articles du code monétaire et financier, et code de la consommation","MMe BENSAID - COHEN est membre de l'ARPP (Association professionnelle des responsables avec les pouvoirs publics)",,2012,1807000000,"","","",1247000000,560000000,,,,155628,155628,,,12408,,,,,,
36,"Caisse Centrale de la Mutualité Sociale Agricole","CCMSA","Secteur public (autre)","http://www2.assemblee-nationale.fr/representant/representant_interet_detail/36","Organisme privé chargé d'une mission de service public","http://www.msa.fr","La MSA est un organisme de protection sociale qui en couvrant tous les risques (maladie, famille, retraite, AT/MP) est l'interlocuteur unique de l'ensemble de la population agricole: salariée et non-salariée correspondant à 27,4 Md€ de prestations versées en 2012.","Affaires institutionnelles, vie publique - Agriculture, élevage, pêche, bois - Agroalimentaire - Budget et finances publiques - Collectivités locales - Emploi - Famille - Fiscalité - Finances sociales - Gouvernance - Handicap - Politique régionale - Santé","Monsieur Michel BRAULT (Directeur Général)","Monsieur Christophe SIMON - Madame Ghislaine ROSAY (Cheffe de Cabinet) - Monsieur André RICARD (Directeur Délégué à la politique institutionnelle)","40 (Les mercuriales) Jean Jaurès 93547 BAGNOLET FRANCE - 141637777",3,"Auditions dans le cadre du PLFSS 2013; Organisation, au mois d'octobre, de la rencontre parlementaire annuelle; Propositions d'argumentaires pour des amendements Rencontres parlementaires (Salon International de l'agriculture, colloques, etc ...).","","Notamment: UNCAM, HCAAM, CNS, CADES, CSPSA, CCSS, CESE, CAF, CNMCCA, HCF, Gip Info retraite, CNSA, UNIOPSS, FNHD, CNCPH, FNG, FCAATA, AISS, ...",2012,1350000000,"","","","","",,,,"Entre 50 000 et 100 000 €","Entre 50 000 et 100 000 €",,,17000,,,,,,
16,"CASINO GUICHARD PERRACHON","GROUPE CASINO","Entreprise","http://www2.assemblee-nationale.fr/representant/representant_interet_detail/16","Société Anonyme","http://www.groupe-casino.fr","Distribution à dominante alimentaire - Vente à distance - Distribution de carburant - Restauration collective- Crédit à la consommation - Promotion immobilière commerciale et foncière","Agroalimentaire - Commerce, distribution","Monsieur Pascal RIVET (Secrétaire général Groupe)","Monsieur Claude RISAC - Madame Muriel MOURNETAS - Monsieur Jean-Luc FECHNER - Monsieur Pierre BOURDEREAU","1 Cours Antoine Guichard 42000 SAINT-ETIENNE FRANCE Adresse du siège parisien : 148, rue de l'Université - CS 60738 75345 PARIS CEDEX 07 - (+33) 04 77 45 31 31",4,"En 2012 et 2013, le groupe Casino a sollicité des rendez-vous auprès de députés sur les projets et propositions de lois concernant son activité. Le directeur des relations extérieures a participé également a plusieurs auditions dont une organisée par les rapporteurs de la Loi sur la consommation.","Pacte mondial des Nations Unies","Fédération des entreprises du Commerce et de la Distribution (FCD) Fédération du commerce de proximité FEVAD Fédération Française de la Franchise (FFF) AFILOG",2012,"supérieur à 10 000 000 €",,,,,,"supérieur à 10 000 000 €",,,"Entre 0 et 10 000 €","Entre 0 et 10 000 €",,,319700,79700,240000,,,,
40,"Chambre Syndicale Française de la Levure","CSFL","Syndicat","http://www2.assemblee-nationale.fr/representant/representant_interet_detail/40","Syndicat","http://www.chambresyndicalelevure.com","Représenter les producteurs de levures et de micro-organismes de fermentation (fabriqués dans l'Union Européenne et commercialisées en France). Les applications de la levure sont nombreuses : pain, vin, bière mais aussi alimentation animale.","Affaires institutionnelles, vie publique - Agriculture, élevage, pêche, bois - Agroalimentaire - Artisanat - Budget et finances publiques - Consommation et concurrence - Énergie, eau - Environnement, écologie, développement durable - Fiscalité - Industrie - Recherche et technologie - Santé - Transports, logistique","Monsieur Stéphane LACROIX (Président)","Monsieur Emmanuel GUICHARD","14 rue de Turbigo 75001 PARIS France E-mail général : contact@chambresyndicalelevure.com - (+33) 0145085482","1 - Emmanuel GUICHARD (Secrétaire Général)","rencontre avec des parlementaires - présence dans les tribunes du public","Emmanuel GUICHARD, en tant que Secrétaire Général de l'association Europeenne COFALEC, est inscrit au registre des représentants d'intérêt Européen depuis 2008. Accréditation: 207 339 0649 _79","En France, la CSFL est une fédération adhérente à l'ANIA (www.ania.net). En Europe, la CSFL adhère au COFALEC (Confédération des Fabricants de Levure de l'Union Européenne, www.cofalec.com)",2012,235520,"","",230520,"",5000,,,,"Entre 0 et 10 000 €","Entre 0 et 10 000 €",,,4,,,"Personnes morales - Les adhérents de notre syndicat sont les entreprises couvertes par notre concention collective. Ce sont des producteurs de levure.",,5,"AB Mauri, Société Industrielle Lesaffre, SIL-FALA, Bio-Springer, Lallemand"
2,"CNES","Centre National d'Etudes Spatiales","Organisme public","http://www2.assemblee-nationale.fr/representant/representant_interet_detail/2","Etablissement Public à caractère Industriel et Commercial","http://www.cnes.fr","Le CNES propose au Gouvernement la politique spatiale de la France et la met en oeuvre",,"Monsieur Jean-Yves LE GALL (Président)","Monsieur Pierre TREFOURET - Monsieur Guillaume DE BLANCHARD - Monsieur Guillaume DE BLANCHARD","2 Place Maurice Quentin 75039 Paris cedex 01 France - - (+33) 144767500",2,"Organisation d'un petit dejeuner annuel avec les rapporteurs Soutien au Groupe des Parlementaires pour l'Espace",,,2013,2000000000,2000000000,"","","","",,,,200000,200000,"",,2400,,,,,,
17,"Comité National des Entreprises d'Insertion","CNEI","Autre organisation professionnelle","http://www2.assemblee-nationale.fr/representant/representant_interet_detail/17","Association loi 1901","http://www.cnei.org","Crée en 1988, le Comité National des Entreprises d'Insertion (CNEI) représente les 1260 entreprises d’insertion (EI) et entreprises de travail temporaire d’insertion (ETTI) de France. Celles-ci emploient chaque année 65 000 salariés (dont 55 000 en parcours d’insertion) dans divers secteurs d’activité (collecte, tri, récupération, recyclage des déchets, travail temporaire, services aux entreprises, BTP, environnement et espaces verts, tourisme et restauration…) pour un chiffre d’affaires global de 850 M€. Le CNEI et ses 23 unions régionales représentent ces entreprises auprès de l’Etat et des organisations professionnelles, accompagnent leur développement et mutualisent leurs expériences afin de favoriser l’accès à l’emploi durable des personnes en difficulté sociale et professionnelle.","Affaires institutionnelles, vie publique - Bâtiment, travaux publics - Budget et finances publiques - Emploi - Environnement, écologie, développement durable - Finances sociales - Politique régionale","Monsieur Kenny BERTONAZZI (Président)","Monsieur Kenny BERTONAZZI - Monsieur Olivier DUPUIS - Madame Joséphine LABROUE","18-20 rue Claude Tillier 75012 PARIS France - 153273480","16 - Kenny Bertonazzi, Président Olivier Dupuis, secrétaire général Joséphine Labroue, chargée de mission Potentiellement, les 13 membres du bureau fédéral, administrateurs du CNEI","Octobre 2012 - Emplois d'avenir : contribution; présentation des propositions au cours d'une réunion à l'Assemblée ; propositions d'amendements - PLF 2013 : contributions écrites ; auditions ; propositions d'amendements - Avril 2013 : réunion de travail sur la réforme de l'IAE - PLF 2014 : contributions écrites ; auditions ; propositions d'amendements - Une dizaine de rencontres avec des députés à l'Assemblée - Envoi à tous les députés d'une carte de voeux, d'un document d'information sur les entreprises d'insertion et des Chiffres clés de la fédération - Envoi à certains députés de notes, de contributions et d'une lettre d'information","L'objectif des relations parlementaires de la fédération est de mieux faire connaitre et comprendre le modèle Entreprise d'insertion afin d'activer les leviers pouvant permettre la sécurisation et le développement de leur mission sociale au service des personnes éloignées de l'emploi. En tant qu'association bénéficiant de fonds publics et représentant des entreprises sociales, l'activité de représentation d'intérêt du CNEI se compse de contributions techniques, de l'apport d'expertise et de démarches de sensibilisation auprès des parlementaires et de leurs collaborateurs.","Adhérent au MEDEF en tant que fédération professionnelle Adhérent au MOUVES (Mouvement des entrepreneurs sociaux) Adhérent à l'OBSAR (Observatoire des achats responsables) Adhérent à AMORCE (association nationale des collectivités, des associations et des entrperises pour la gestion des déchets, de l'énergie et des réseaux de chaleur)",2012,1052000,410000,"",536000,60000,46000,,,,"Entre 30 000 et 40 000 €","Entre 30 000 et 40 000 €","L'activité de représentation d'intérêts est exclusivement financée par les cotisations des adhérents à la fédération.",,9,,,"Personnes morales - Entreprises d'insertion et entreprises de travail temporaire d'insertion, reconnues au titre de l'article L. 5132-4 du Code du Travail et conventionnées par l'Etat (DIRECCTE) pour la mission d'insertion auprès des personnes éloignées de l'emploi. Elles sont sous statut associatif, commercial ou coopératif.",,542,"La liste complètes des entreprises adhérentes au CNEI est disponible sur notre site internet."
13,"FAIRVALUE CORPORATE & PUBLIC AFFAIRS","FVC&PA","Cabinets de consultants spécialisés","http://www2.assemblee-nationale.fr/representant/representant_interet_detail/13","SARL","http://www.fairvaluecc.com","Fairvalue Corporate & Public Affairs est un cabinet français indépendant de conseil en affaires publiques et politiques, et en communication corporate, basé à Paris et à Bruxelles. Le cabinet travaille sur la valorisation du capital image et la préservation des intérêts des entreprises, de leurs secteurs d'appartenance, et des institutions, en France et à l'étranger.","Affaires institutionnelles, vie publique - Audiovisuel et médias, économie numérique - Banque, Assurance, finances - Budget et finances publiques - Droit des sociétés - Éducation, enseignement, formation - Emploi - Environnement, écologie, développement durable - Famille - Fiscalité - Finances sociales - Gouvernance - Industrie - Professions libérales - Recherche et technologie - Santé","Madame Anne Mazoyer (Présidente)","Madame Anne Mazoyer - Monsieur Timothée Fechner","12 de Castiglione 75001 Paris FRANCE - 170080014","6 - L'équipe est constituée de 6 conseillers, et est accompagnée d'experts externes, sollicités au cas par cas.",,"Le cabinet est signataire de la charte déontologique de l'AFCL, ainsi que du code de conduite de l'EPACA et du Parlement européen.","Fairvalue Corporate & Public Affairs est membre de l'AFCL (Association Française des Conseils en Lobbying). Le cabinet est également membre de l'EPACA (European Public Affairs Consultancies' Association) et du CDPF (Cercle des Délégués Permanents Français).",2012,"Entre 450 000 et 500 000 €",,,,,,,"Banque, Assurance, finances - Entre 50 000 et 100 000 € - Emploi - Entre 50 000 et 100 000 € - Environnement, écologie, développement durable - inférieur à 50 000 € - Santé - Entre 150 000 et 200 000 €","Entre 450 000 et 500 000 €",,"Entre 450 000 et 500 000 €",,"FEPEM Iperia l'Institut Sorin Group Anacofi Pollinis",6,,,,,,
23,"Fédération des Entreprises d'outre-mer","LA FEDOM","Organisation professionnelle","http://www2.assemblee-nationale.fr/representant/representant_interet_detail/23","Association loi 1901","http://www.fedom.org","La FEDOM s'intéresse à toutes les dispositions économiques qui concernent l'Outre-mer. Elle s'implique dans l'élaboration des textes qui concernent le développement économique de l'Outre-mer. Elle est force de proposition auprès des pouvoirs publics pour améliorer autant que possible les projets concernant l'Outre-mer.","Agriculture, élevage, pêche, bois - Agroalimentaire - Artisanat - Bâtiment, travaux publics - Banque, Assurance, finances - Budget et finances publiques - Commerce, distribution - Consommation et concurrence - Droit des sociétés - Emploi - Énergie, eau - Environnement, écologie, développement durable - Fiscalité - Finances sociales - Hôtellerie, restauration - Immobilier, habitat, logement - Industrie - Sport, loisirs, tourisme - Transports, logistique","Monsieur Jean-Pierre PHILIBERT (Président)","Madame Samia BADAT - KARAM - Madame Annie IASNOGORODSKI","3 Rue de l'Arrivée 196 75015 Paris France TOUR CIT - 7ème étage - bureau 723 - (+33) 0145672163","1 - Samia BADAT-KARAM (secrétaire générale) est , pour la FEDOM, la personne participant aux activités relevant du champ d'application du registre des représentants d'intérêts. La Déléguée générale Annie IASNOGORODSKI peut être amenée à venir à l'Assemblée ponctuellement , d'où la demande de badge supplémentaire.","Travail régulier avec les parlementaires (essentiellement d'Outre-mer) sur les textes qui concernent le développement économique de l'Outre-mer : loi sur la qualité de l'offre alimentaire outre-mer, PLF 2014, loi d'avenir sur l'agriculture. Auditions dans le cadre de la réforme de la défiscalisation, sur l'octroi de mer, sur le rapport Lebreton. Rencontres régulières avec les parlementaires outre-mer et les députés de la Commission des finances.","","",2013,398813,"","",,"","",,,,"","",,,3,,,"Personnes morales - Les MEDEF outre-mer, les CGPME outre-mer, les CCI Outre-mer, les MPI (moyennes et petites industries) des grandes entreprises ayant des intérêts outre-mer , les fédérations du bâtiment",,51,"Medef Guadeloupe, MPI Guadeloupe, CGPME Guadeloupe, CCI Guadeloupe, FAPHT, IGUAVIE, Medef Guyane, MPI Guyane, FRBTP Guyane, Medef Nouvelle Calédonie, Nouvelle Calédonie Economique, CGPME NC, Medef Polynésie, CCI Mayotte, FEABTP St Pierre et Miquelon, Medef Martinique, MPI Martinique, SEBTPAM, ZILEA, SDGA, AMIV, IMAFLOR, Medef Réunion, CGPME Réunion, ADIR, CGMPE Réunion, Interinvest, Bamexport, BRED, CIRT-DOM,CLI, CMA CGM, CODEBAM, ECOFIP, EURODOM, la FCD, Financière Magenta, Géneris Capital Partners, GIHDOM, GIFOM, Groupe Bernard Hayot, Groupe Casino, Groupe NEL, MARFRET, PROFINA, SDV Outre-mer, SUNZIL, INGEPAR, SBTPC, Air France, SINTORIN, Société générale."
32,"Fédération du Commerce et de la Distribution","FCD","Organisation professionnelle","http://www2.assemblee-nationale.fr/representant/representant_interet_detail/32","Syndicat","http://www.fcd.asso.fr","La FCD défend les intérêts des enseignes de la grande distribution alimentaire et spécialisée. Le secteur représente 750 000 salariés et 30 000 magasins.","Agriculture, élevage, pêche, bois - Agroalimentaire - Budget et finances publiques - Commerce, distribution - Consommation et concurrence - Emploi - Environnement, écologie, développement durable - Fiscalité - Handicap - Immobilier, habitat, logement - Transports, logistique","Monsieur Jacques Creyssel (Délégué Général)","Madame Fabiene Prouvost - Monsieur Jacques Creyssel - Monsieur Antoine Sauvagnargues","12 rue Euler 75008 Paris France - (+33) 144439900",2,"Auditions sur différents projets de loi : Consommation, Agriculture, Urbanisme, Commerce... Auditions par des groupes de travail parlementaires : Travail dominical, économie numérique, affichage environnemental, filières agricoles...",,"EURO COMMERCE - MEDEF - CONSEIL DU COMMERCE - CONSUMER - GOODS FORUM - CONSEIL NATIONAL DE L'EMBALLAGE - FEDOM - INAPORC - SEAP - MEDEF IDF - AFNOR - FFPC - ARPP - France FILIERE PECHE - ATM PORC - FIRAE - CIV - GSC - AIB - APRIFEL",2012,7210000,550000,"",5545000,1115000,"",,,,"Entre 0 et 10 000 €","Entre 0 et 10 000 €",,,15,,,"Personnes morales - Entreprises",,50,"ALDI – AUCHAN – BAILLY – BENSOUSSAN – BERGAMS – BOULANGER – BRUDIS – BRUNET – CARCED – CARREFOUR – CASINO - CDA - CERCLE VERT - CODIM 2 – COLRUYT - GROUPE DELHAIZE (CORA/MATCH) - DARTY - DECATHLON - DIA - DIAPAR - DISCOUNTAL - DISTRIBORG - ECOMAG - ELECTRO DEPOT - EUROCASH - FRANCAP - GEDAL - G20 - GALERIES LAFAYETTE - LE DELAS - LIDL - MARKS & SPENCER - MAXIMO - METRO - MIGROS - MONOPRIX - NEGRIER / CAPAL - NICOLAS - NORMA - NOUGEIN - PICARD - PROVENCIA - RALLYE GO SPORT - SCHIEVER - SEGEP - SEGUREL - SO DIS C - SODIBAY - TANG FRERES - TRANSGOURMET"
27,"Féderation du Négoce de Bois et des Matériaux de constructions","FNBM","Organisation professionnelle","http://www2.assemblee-nationale.fr/representant/representant_interet_detail/27","Syndicat professionnel loi de 1884, IV du code du travail","http://www.fnbm.fr","La Fédération du Négoce de bois et des matériaux de construction représente les entreprises du négoce de bois et des matériaux de construction. Elle gère en lien avec les partenaires sociaux les conventions collectives du négoce de bois et du négoce des matériaux de construction et représente la profession dans toutes les instances institutionnelles. La FNBM dispose de représentations régionales et départementales.","Affaires institutionnelles, vie publique - Agriculture, élevage, pêche, bois - Bâtiment, travaux publics - Commerce, distribution - Consommation et concurrence - Environnement, écologie, développement durable - Fiscalité - Immobilier, habitat, logement - Transports, logistique","Monsieur Géraud SPIRE (Président)","Monsieur Laurent MARTIN SAINT LEON - Madame Stéphanie GAZEL - Madame Adrienne OUVRIEU","215 bis boulevard Saint Germain 75007 PARIS FRANCE - (+33) 01.45.48.28.44","85000 - Les entreprises de négoce de bois et des matériaux de construction emploient 85 000 salariés pour un chiffre d'affaire évalué en 2013 à 19 milliards d'euros.","Audition par la commission des affaires économiques au sujet du projet de loi Hamon - Audition par un groupe parlementaire sur le repos dominical - Rencontre avec des parlementaires","","Adhérents de la CGPME",2012,950000,"","",900000,"",50000,,,,"Entre 20 000 et 30 000 €","Entre 20 000 et 30 000 €","Comptes certifiés par un Commissaire aux comptes depuis 2008",,7,,,"Personnes morales - Entreprises du négoce de bois et des matériaux de construction.",,1157,"Groupe Point P, Gedimat, Bigmat, Tout Faire, Batiland, Batiman, Nebopan, Accueil, Starmat, Matnor, Mat+, Wolseley, MCD , Chausson, Alteral, Groupamat, Indépendants, France Matériaux, SIG..."
10,"Fédération Electricité Autonome Française","EAF","Organisation professionnelle","http://www2.assemblee-nationale.fr/representant/representant_interet_detail/10","Syndicat patronal","http://www.federation-eaf.org","Représenter la profession des producteurs indépendants d'électricité dont la puissance est inférieure ou égale à 12 MW.Défendre les intérêts de ses membres. Etudier les réformes législatives et administratives relatives à l'utilisation des énergies renouvelables. Coordonnerl'action des membres auprès des pouvoirs publics.","Énergie, eau - Environnement, écologie, développement durable - Industrie","Monsieur David THOUVENOT (Secrétaire général)","Monsieur Charles-Henri DOUMERC - Monsieur David THOUVENOT","71 avenue Victor Hugo 75116 Paris France - (+33) 01 58 44 20 35",2,"Sans objet.","Non.","Vice-présidence d'EREF (European Renewable Energies Federation).Partenaires de plusieurs structures de producteurs indépendants (VPH-MCO,VPH-07).",2012,400000,"","",400000,"","",,,,"Entre 0 et 10 000 €","Entre 0 et 10 000 €",,,3,,,"Personnes physiques Personnes morales - Entreprises privées, Collectivités locales.",100,500,"Se reporter à l'annuaire de la Fédération."
31,"Fédération française des masseurs-kinésithérapeutes rééducateurs","FFMKR","Syndicat","http://www2.assemblee-nationale.fr/representant/representant_interet_detail/31","Association","http://www.ffmkr.org","La FFMKR a été fondée en 1963. Premier syndicat représentatif de la profession, elle harmonise les positions des syndicats départementaux adhérents. Elle représente les intérêts de la profession auprès des pouvoirs publics en France. Elle représente la kinésithérapie française auprès des instances internationales. La FFMKR documente ses adhérents sur toutes les questions techniques, juridiques, économiques et législatives les concernant.","Affaires institutionnelles, vie publique - Budget et finances publiques - Éducation, enseignement, formation - Fiscalité - Handicap - Professions libérales - Santé","Monsieur Daniel PAGUESSORHAYE (Président)","Monsieur Cyrille PERNOT","3 rue Lespagnol 75020 PARIS FRANCE - 144834600",1,"Apporter un éclairage complémentaire aux législateurs dans les domaines relatifs à la santé en général et à la masso-kinésithérapie en particulier. Informer les législateurs des modifications quant à l'exercice de la profession notamment au niveau conventionnel. Attirer l'attention des législateurs sur les éventuels dangers risquant de mettre en péril l'exercice de la profession dans le cadre de l'examen des textes de loi.","oui","CNPS (Centre national des professions de santé) UNPS (Union nationale des professionnels de santé) CNS (conférence nationale de santé) HAS (Haute Autorité de santé) UNAPL (Union nationale des professionnels libéraux) HCPP (Haut conseil des profession paramédicales) WCPT (World confederation for physical therapy)",2012,1150817,27725,"",904985,218107,"",,,,"","",,,10,,,"Personnes physiques Personnes morales - Syndicats départementaux / associations / masseurs-kinésithérapeutes",4600,93,"Syndicat des masseurs-kinésithérapeutes de l'Ain (etc.) un par département environ"
34,"Fédération nationale des SCoT","FédéSCoT","Organisme public","http://www2.assemblee-nationale.fr/representant/representant_interet_detail/34","association (droit local alsacien-mosellan)","http://www.fedescot.org","La Fédération regroupe les structures publiques (syndicats mixtes et établissements publics) compétents en matière de schémas de cohérence territoriale (SCoT), d’une part pour mettre en réseau et capitaliser les expériences de chacun, et d’autre part pour participer de façon active à la définition et à la mise en œuvre des politiques nationales d’aménagement du territoire","Affaires institutionnelles, vie publique","Monsieur Michel Heinrich (président)","Monsieur Jean-Philippe Strebler","22 Joubert 75009 Paris France - (+33) 01 40 41 84 10",1,"mise au point d'amendements relatifs aux évolutions du droit de l'urbanisme concernant les schémas de cohérence territoriale","Le directeur de la Fédération nationale des SCoT est également représentant d'intérêts au titre de la FédéSCoT auprès du Sénat",,2012,220000,220000,"",220000,"","",,,,"Entre 0 et 10 000 €","Entre 0 et 10 000 €",,,2,,,,,,
41,"Fédération Nationale des Sociétés d'Intérêt Collectif Agricole d'Electricité","FNSICAE","Organisation professionnelle","http://www2.assemblee-nationale.fr/representant/representant_interet_detail/41","Association loi 1901","http://www.fnsicae.asso.fr","La Fédération Nationale des SICAE représente les intérêts des SICAE dans le domaine de la politique energétique, du marché de l'énergie et des réseaux electriques auprès des Pouvoirs publics européens, nationaux et locaux.","Affaires institutionnelles, vie publique - Agriculture, élevage, pêche, bois - Budget et finances publiques - Collectivités locales - Consommation et concurrence - Énergie, eau - Environnement, écologie, développement durable - Fiscalité - Politique régionale","Monsieur Francesco DELFINI (Secrétaire Général)","Monsieur Pierre BOULNOIS - Monsieur Gérard LEFRANC - Monsieur Christophe CHAUVET - Monsieur Raphael LAUBREAUX - Monsieur Dominique PONCE","129 Boulevard Saint Germain 75006 Paris France - (+33) 1 43 26 02 70",6,"La Fédération mène une veille juridique et suit l'ensemble des travaux parlementaires relatifs au secteur de l'énergie. L'an dernier la Fédération en lien les autres Fédérations d'Entreprises locales de distribution d'électricité (UNELEG, ANROC, ELE) ont travaillé sur des amendements sur les textes de loi en discussion.","","Notre Fédération est autonome mais nous travaillons en lien avec les autres Fédérations d'Entreprises locales de distribution d'électricité.",2012,425000,"","",360000,60000,3000,,,,"Entre 10 000 et 20 000 €","Entre 10 000 et 20 000 €",,,3,,,"Personnes morales - Sociétés d'Interêt Collectif Agricole d'Electricité",,12,"Aisne 5 rue Ampère BP 20024 02207 BELLEU CEDEX Carmausin 22 rue Raspail BP 81 81400 CARMAUX Ely 33 rue de la Gare 78910 TACOIGNIERES Ferté-Alais (LFA) 14 C avenue Carnot 91590 CERNY Lassigny (SER) Avenue du Parc ZA de Passel BP 20053 60402 NOYON CEDEX Oise 32 rue des Domeliers BP 70525 60250 COMPIEGNE CEDEX Pithiviers (SICAP) 3 rue du Moulin de la Canne BP 458 45304 PITHIVIERS CEDEX Précy-Saint-Martin 28 rue Hautefeuille BP 3 10220 PINEY Est 9 avenue du Lac BP 159 75003 VESOUL CEDEX Saint-Martin-De-Londres 158 allée des Ecureuils 34982 SAINT-GELY-DU FESC CEDEX Sausseron 16 avenue du Carrouge 95760 VALMONDOIS Somme et du Cambraisis 11 rue de la République 80240 ROISEL"
44,"GROUPE FG CONSULTING",,"Cabinets de consultants spécialisés","http://www2.assemblee-nationale.fr/representant/representant_interet_detail/44","SAS","http://www.groupefgconsulting.fr","Notre Cabinet est spécialisé dans le traitement des affaires publiques, politiques et réglementaires au niveau Français et Européen. Notre Cabinet accompagne et conseille ses clients pour faire de l'Europe non plus un obstacle mais au contraire une chance et un levier pour leur développement. Notre Cabinet intervient aussi dans la lutte contre la contrefaçon auprès de grande marque et grand groupe.","Agriculture, élevage, pêche, bois - Consommation et concurrence - Emploi - Famille - Handicap - Justice et affaires intérieures - Politique régionale","Monsieur FABRICE GUYON (Consultant Chargé des Relations avec le Parlement et les Institutions)","Monsieur FABRICE GUYON - Monsieur JOHNNY PADILLA","10 BIS DU CHEF DE VILLE 77139 ETREPILLY FRANCE - (+33) 0 811 485 475",5,,"Registre de transparence des représentant d'intérêts du Parlement Européen, Registre des représentant d'intérêts du Sénat","Code de transparence du Parlement Européen, Registre des représentants du Senat",2012,"inférieur à 50 000 €",,,,,,,,"inférieur à 50 000 €",,"inférieur à 50 000 €",,"GROUPE ANAPURMA ANAPURMA FASHION ANAPURMA PROD AMERICAN POLE CONSULTING ASSOCIATION ENTRAIDE INTERNATIONALE ASSOCIATION ENTRAIDE ROUMANIE ASSOCIATION DE DEFENSE DES FRANCAIS EN ROUMANIE CORPORATE FINANCIAL SERVICES INDIGENE DRINK'S",5,,,,,,
46,"GROUPE PROSECURE",,"Entreprise","http://www2.assemblee-nationale.fr/representant/representant_interet_detail/46","SARL","http://www.groupe-prosecure.com","Défense des intérêts de nos clients et affaires publiques","Affaires institutionnelles, vie publique - Arts et culture - Défense, armement - Éducation, enseignement, formation - Environnement, écologie, développement durable - Handicap - Immobilier, habitat, logement - Professions libérales","Monsieur STANISLAS ANDRE (Directeur GENERAL)","Monsieur STANISLAS ANDRE - Monsieur THOMAS BOULLET","Porte de l'Arenas Hall C 455 Promenade des Anglais 06000 NICE FRANCE - 33619866324",2,"synamome : syndicat des maîtres d'oeuvre en bâtiment","Charte interne",,"370 K€","Entre 350 000 et 400 000 €",,,,,,"Entre 350 000 et 400 000 €",,,"Entre 0 et 10 000 €","Entre 0 et 10 000 €",,,5,3,2,,,,
8,"Institut national de la Recherche agronomique","INRA","Organisme de recherche","http://www2.assemblee-nationale.fr/representant/representant_interet_detail/8","Etablissement public à caractère scientifique et technologique","http://www.inra.fr","Dans un contexte climatique, démographique et énergétique complexe, la recherche agronomique doit étudier des enjeux majeurs à des échelles variées. Imaginer la disponibilité et la sécurité alimentaire mondiale en 2050, contribuer à la limitation du gaz à effet de serre d’origine agricole, favoriser l’adaptation de l’agriculture et des forêts au changement climatique non réversible sont autant de préoccupations mondialement partagées. Elles impliquent, entre autres, de connaître les comportements des individus à l’échelle des territoires ou des marchés, d’étudier les liens entre la santé des plantes, des animaux et des hommes, de rechercher de nouvelles voies pour la production d’énergie et de matériaux issus de l’agriculture et d’en limiter en général l’impact environnemental…Pour cela, l’Institut national de la recherche agronomique (Inra) produit des connaissances scientifiques et accompagne l’innovation économique et sociale dans les domaines de l’alimentation, de l’agriculture et de l’environnement.","Agriculture, élevage, pêche, bois - Agroalimentaire - Éducation, enseignement, formation - Environnement, écologie, développement durable - Recherche et technologie","Monsieur François HOULLIER (Président-Directeur général de l'INRA)","Monsieur François HOULLIER - Monsieur Jean-François LAUNAY - Monsieur François HÉQUET - Monsieur Antoine MOMOT - Monsieur Jean-Baptiste MERILHOU-GOUDARD","147 rue de l'Université 75007 Paris France L’INRA est régulièrement sollicité pour des auditions parlementaires sur les sujets qui relèvent de ses missions d’organisme de recherche sur les problématiques qui entrent dans ses domaines de compétence : agriculture, alimentation et environnement. Le cabinet du Président de l’INRA est fréquemment conduit à participer à ces auditions avec les députés, comme avec les sénateurs. - 142759543","5 - Outre le Président-Directeur général lui-même, c'est le cabinet du PDG (4 personnes) qui est chargé de représenter les intérêts de l'Institut auprès des pouvoirs publics, et notamment du Parlement.","En 2012, l'Institut national de la Recherche agronomique a été auditionné à six reprises par l'Assemblée nationale. Ces auditions se divisent en : - auditions ponctuelles, à notre demande ou à celle des députés : M. Houllier a notamment été auditionné par la Commission des Affaires économiques dans le cadre de sa désignation comme Président de l'INRA (juillet 2012) ; l'INRA a également participé à des journées parlementaires thématiques (agriculture durable...) et rencontre régulièrement des groupes d'études. Signalons enfin que Mme. Marion Guillou, ancienne présidente de l'INRA, a participé à plusieurs rendez-vous du même type pendant la fin de son mandat (1er semestre 2012). - auditions récurrentes : rencontres avec les rapporteurs budgétaires, pour les programmes loi de finance qui nous concernent, dans le cadre de l'examen du projet de loi de finances. Commissions rencontrées : Finances et Affaires économiques. Parallèlement, notre institut a veillé à informer les députés sur les positions qu'il adoptait vis-à-vis des principaux textes de loi le concernant. Pour la présente législature, citons notamment la loi Enseignement supérieur et Recherche de juillet 2013 ou la loi d'avenir pour l'Agriculture, en cours de discussion.","Au printemps 2013, le Conseil d'administration de l'INRA a adopté une Charte de déontologie interne à l'établissement. La charte de déontologie exprime le sens général et les principes que chaque agent INRA, personnellement, s’engage à respecter dans le cadre des missions qui lui incombent.Parallèlement, le Comité d'éthique partagé entre l'INRA et le Cirad publie régulièrement des avis sur des sujets tels que OGM, biocarburants, propriété intellectuelle, brevetabilité du vivant...","L'INRA est membre de :- Agreenium, établissement public de coopération scientifique. Agreenium est un consortium qui regroupe les principaux organismes français de recherche et de formation dans le domaine agronomique (instituts de recherche, établissements d’enseignement supérieur, écoles vétérinaires...). Huit membres à l'heure actuelle.- L'INRA est adhérent à plusieurs alliances de recherche : AllEnvi, autour de la thématique ""Environnement"", Aviesan sur la Santé et Ancre sur l'énergie.",2012,839000000,781000000,"","","",58000000,,,,"Entre 0 et 10 000 €","Entre 0 et 10 000 €",,,10000,,,"Personnes physiques - Membres du Cabinet du Président de l'INRA",5,,""
7,"JEANTETASSOCIES AARPI","JEANTET","Cabinets d'avocats","http://www2.assemblee-nationale.fr/representant/representant_interet_detail/7","AARPI (Association d'avocats à responsabilité professionnelle individuelle)","http://www.jeantet.fr","Jeantet est un cabinet d'avocats d'affaires en charge de dossiers stratégiques pour uneclientèle française et internationale. Son département Affaires Publiques appuie lesstratégies de lobbying de ses clients, en France et devant les instituions européennes.","Agriculture, élevage, pêche, bois - Audiovisuel et médias, économie numérique - Banque, Assurance, finances - Consommation et concurrence - Emploi - Énergie, eau - Fiscalité - Gouvernance - Presse, édition - Professions libérales - Sport, loisirs, tourisme - Télécommunications","Monsieur Philippe Portier (Associé en charge du département Affaires Publiques)","Monsieur Philippe Portier - Monsieur Thomas Picot - Madame Marie-Emmanuelle Amphoux","87 Avenue Kleber 75016 PARIS FRANCE Cabinet d'avocats (Paris, Luxembourg, Casablanca) - 145058109",5,,"Jeantet est membre de l'Association des Avocats Lobbyistes et adhère à son règlementinterne (http://www.avocats-lobbying.com/Charte-de-deontologie_a28.html). Par ailleurs, les avocats du cabinet sont soumis à la déontologie des avocats du Barreaude Paris.","AAL (Association des Avocats Lobbyistes)",2012,"",,,,,,,,"",,"","Prévisions budgétaires 2014 dans le domaine d'activité ""professions libérales"" : <50.000€","SMALLBUSINESSACT.COM Président : Thierry Perret 11-15 rue de la Rochefoucauld 92100 Boulogne-Billancourt",5,,,,,,
20,"Jeunes Agriculteurs","JA","Syndicat","http://www2.assemblee-nationale.fr/representant/representant_interet_detail/20","Syndycat professionnel","http://www.jeunes-agriculteurs.fr/","Jeunes Agriculteurs est un syndicat professionnel agricole dont les responsables professionnels sont des agriculteurs âgés de moins de 35 ans.Créé en 1957, il compte en 2012 plus de 50 000 adhérents sur quelque 100 000 agriculteurs de moins de 35 ans.Union de syndicats régionaux à vocation générale (c’est-à-dire non spécialisé sur un secteur de production), JA est organisé sur la base d’un regroupement géographique des adhérents ; il représente toutes les régions agricoles et tous les secteurs de production agricole de France.Son organisation est pyramidale : les personnes physiques adhèrent à des structures locales Jeunes Agriculteurs regroupées en structures départementales JA lesquelles, en tant que personnes morales, adhèrent à la structure régionales qui elles mêmes adhèrent à la structure nationale JA.JA regroupe 23 structures régionales (22 en métropole et 1 région Outre Mer).La mission formelle de JA est d’assurer le renouvellement des générations en agriculture et donc de représenter et de défendre les intérêts catégoriels des jeunes agriculteurs, principalement autour de la notion d’installation en agriculture, c’est-à-dire des conditions d’accès au métier de ceux qui le choisissent et des perspectives de long terme permettant de réaliser des projets d’installation.","Agriculture, élevage, pêche, bois","Monsieur François THABUIS (Président)","Monsieur Régis RIVAILLER - Monsieur Axel BIGOT - Monsieur Romain QUESNEL - Monsieur Julien MARRE - Monsieur Laurent POIRIER","14 La Boétie 75008 PARIS FRANCE - (+33) 142651751","58 - Ce nombre comprend les membres du Conseil d'Administration de JA, constitué d'élus agriculteurs siégeant dans les instances internes de réflexion et de travail, ainsi que les conseillers techniques permanents du syndicat.","LOI no 2013-619 du 16 juillet 2013 portant diverses dispositions d’adaptation au droit de l’Union européenne dans le domaine du développement durable. LOI no 2013-569 du 1er juillet 2013 habilitant le Gouvernement à adopter des mesures de nature législative pour accélérer les projets de construction. Décret no 2013-754 du 14 août 2013 portant extension et adaptation à Mayotte de certaines dispositions du code rural et de la pêche maritime (partie réglementaire). LOI no 2013-428 du 27 mai 2013 modernisant le régime des sections de commune. PROJET DE LOI no 1015 relatif à la consommation. PLF et PLFSS.","Non.","JA est membre du CEJA (Conseil Européen des Jeunes Agriculteurs), basé à Bruxelles.",2012,5292010,3386886,"",,1111322,,,,,"Entre 50 000 et 100 000 €","Entre 50 000 et 100 000 €",,,41,,,"Personnes morales - Fédérations régionales.",50000,23,"Les 23 structures régionales JA, représentant 50 000 adhérents physiques."
6,"Keolis",,"Entreprise","http://www2.assemblee-nationale.fr/representant/representant_interet_detail/6","Société Anonyme","http://www.keolis.com","Le Groupe Keolis développe des solutions de mobilité sur mesure, adaptées à chaque problématique locale. Leader en urbain en France, le Groupe Keolis est un acteur majeur du transport public de voyageurs en Europe et dans le monde. Présent dans 14 pays, le Groupe réalise un chiffre d'affaires de 5 milliards d'euros et emploie 53 000 personnes.","Transports, logistique","Monsieur Jean-Pierre FARANDOU (Président)","Madame Anne LIEURE","20/22 Lepeltier 75009 PARIS France Merci de noter que Keolis est en cours de déménagement. L'adresse ci-dessus sera effective dès le 27 décembre 2013. Pour l'heure, le siège de Keolis est au 9, rue de Caumartin 75009 PARIS. Tél + 33 1 71 18 02 29 - (+33) 1 71 32 91 17","1 - Anne LIEURE, Directeur des Relations Institutionnelles participe aux activités qui relèvent du champ d'application du registre des représentants d'intérêt.","_ Suivi du PLF 2013 et quels rendez-vous bilatéraux avec des parlementaires.","Le Groupe Keolis est signataire d'une charte d'éthique dans les affaires, ""Konformité"".","Le Groupe Keolis est membre de l'Union des Transports Publics et Ferroviaires, syndicat professionnel.",2012,"Entre 4 750 000 et 5 000 000 €",,,,,,"Entre 4 750 000 et 5 000 000 €",,,"Entre 100 000 et 150 000 €","Entre 100 000 et 150 000 €",,,53000,33000,20000,,,,
11,"LA POSTE",,"Entreprise","http://www2.assemblee-nationale.fr/representant/representant_interet_detail/11","Société Anonyme","http://www.laposte.fr","Société anonyme à capitaux 100% publics, La Poste est un groupe multi-métiers organisé autour de trois principales activités : le courrier, le colis express et les activités bancaires à travers sa filiale La Banque Postale. Depuis mars 2011, le groupe a lancé une activité de téléphonie mobile sous la marque La Poste Mobile. La Poste assure 4 missions de service public dans le cadre de ses activités : l'aménagement du territoire, le transport et la distribution de la presse, l'accessibilité bancaire et le service universel postal.","Audiovisuel et médias, économie numérique - Banque, Assurance, finances - Télécommunications - Transports, logistique","Monsieur PHILIPPE WAHL (PRESIDENT DIRECTEUR GENERAL)","Madame JOELLE BONNEFON - Monsieur JACQUES SAVATIER","44 BOULEVARD DE VAUGIRARD 75757 PARIS CEDEX A5 FRANCE - 155440000",2,"Sur l'année 2013, le groupe La Poste a suivi les textes suivants : - projet de loi de séparation et de régulation des activités bancaires - projet de loi consommation - projet de loi de finances 2014 (audition par la rapporteure du budget Poste) - dispositif de financement des collectivités locales (audition par la Commission des Finances)","Le comité exécutif du groupe La Poste a adopté en avril 2011 un dispositif éthique, venant compléter la démarche de responsabilité sociale engagée en 2003. Ce dispositif s'articule autour d'un comité d'éthique et d'un réseau de déontologues référents. Il s'appuie sur un référentiel de déontologie précisant les règles de conduite individuelles et collectives à suivre, diffusé à l'ensemble des collaborateurs du groupe.","Le groupe La Poste est membre de l'Association des opérateurs postaux européens (PostEurop), d'International Post Corporation (IPC), de la Fédération du Marketing Direct (FEDMA), de l'Union Française du Marketing Direct (UFMD), du Syndicat national de la communication directe (SNCD), de l'Association de l'économie numérique (ACSEL), de la Fédération nationale des tiers de confiance (FNTC), de la Fédération des entreprises de transport et de logistique (TLF), de la FEVAD, de l'Institut de l'économie circulaire, de la Fédération bancaire française (FBF), de l'Association française des banques (AFB), de la fédération française des sociétés d'assurance (FFSA), de l'Association française des sociétés financières (ASF), de Paris Europlace, de l'Office de coordination bancaire et financière (OCBF).",2012,21658000000,,,,,,21658000000,,,"Entre 250 000 et 300 000 €","Entre 250 000 et 300 000 €",,,268000,249000,19000,,,,
14,"Lafarge France",,"Entreprise","http://www2.assemblee-nationale.fr/representant/representant_interet_detail/14","Lafarge Services France - SAS","http://www.lafarge-france.fr","Lafarge France est présent dans les activités de bétons, ciments et granulats. Lafarge France fournit des matériaux de construction. 5000 salariés et 450 sites en France CA du Groupe Lafarge 15 816 M€ CA de Lafarge France 1,9 milliard €","Industrie","Monsieur Pascal CASANOVA (Directeur général de Lafarge France)","Monsieur Arnaud COLSON - Madame Laurène GUARDIOLA","2 Avenue du Général de Gaulle 92148 Clamart France Lafarge France rassemble les activités de Lafarge en France (ciments, granulats, bétons, fonctions support ) - (+33) 158006000","2 - Arnaud Colson - Directeur de l'Environnement et du Développement Durable France","Rencontres et organisation de visite de sites (industriels ou réalisations) avec des députés concernés par les problématiques rencontrées par les activités de Lafarge en France.","Les collaborateurs du groupe Lafarge s'engagent à respecter le Pacte mondial des Nations Unies; la Déclaration de l'ONU sur les peuples autochtones, les principes de l'OCDE sur la gouvernance d'entreprise; et le Code de Conduite des Affaires et la Charte du Lobbying du Groupe Lafarge.","Les activités de Lafarge France adhèrent au Syndicat Français de l'Industrie Cimentière, à l'Union des industries de carrières et matériaux de construction dont Union nationale des producteurs de granulats et syndicat des bétons prêts à l'emploi.",2012,"supérieur à 10 000 000 €",,,,,,"supérieur à 10 000 000 €",,,"Entre 10 000 et 20 000 €","Entre 10 000 et 20 000 €",,,65000,5000,60000,,,,
3,"PUBLICAP CONSEIL",,"Consultants agissant en qualité d'indépendants","http://www2.assemblee-nationale.fr/representant/representant_interet_detail/3","SELARL","http://www.publicap-conseil.fr","conseiller et accompagner les entreprises, groupements professionnels, organismes privés ou publics et associations à promouvoir leurs intérêts auprès de la Représentation nationale","Affaires institutionnelles, vie publique - Agriculture, élevage, pêche, bois - Bâtiment, travaux publics - Banque, Assurance, finances - Collectivités locales - Consommation et concurrence - Énergie, eau - Environnement, écologie, développement durable - Finances sociales - Industrie - Professions libérales - Transports, logistique","Monsieur Pascal BRINDEAU (Gérant)","Monsieur Pascal BRINDEAU","3 des Cavelots 80054 41102 VENDOME CEDEX France contact mail: contact@publicap-conseil.fr SIRET: 789 566 163 00018 /APE 7022 Z - (+33) (0)6 82 48 50 09",1,,,,2013,"inférieur à 50 000 €",,,,,,,"Affaires institutionnelles, vie publique - inférieur à 50 000 € - Énergie, eau - inférieur à 50 000 €","inférieur à 50 000 €",,"inférieur à 50 000 €",,"JPEE, développeur d'énergies renouvelables Equilibre Centre, entreprise de services à la personne",1,,,,,,
18,"RADIO FRANCE",,"Entreprise","http://www2.assemblee-nationale.fr/representant/representant_interet_detail/18","Société Anonyme à Capitaux Publics","http://www.radiofrance.fr","Radio France est une société de service public de radio diffusion et qui gère les stations de radio publiques en France métropolitaine ainsi que plusieurs formations musicales.","Affaires institutionnelles, vie publique - Audiovisuel et médias, économie numérique - Arts et culture - Éducation, enseignement, formation - Presse, édition","Madame Bérénice RAVACHE (Secrétaire générale)","Monsieur Pierre JACQUEMAIN","116 avenue du Président Kennedy Cedex 16 75016 Paris FRANCE - (+33) 0156402616","1 - Nouvelle demande : correspond à une prise de fonction.","Il s'agit d'une première demande.",,,2014,"Entre 600 000 et 700 000 €",,,,,,"Entre 600 000 et 700 000 €",,,"","",,,4600,4600,"",,,,
47,"Regards Citoyens",,"Association","http://www2.assemblee-nationale.fr/representant/representant_interet_detail/47","Association loi 1901","http://www.regardscitoyens.org","Notre association, transpartisane, a pour objet de renforcer l'éducation et l'engagement civique en promouvant par la pratique le libre accès aux données publiques et leur réutilisation, notamment pour des usages citoyens ou de valorisation des institutions.L'association entend notamment réaliser les objectifs suivants : créer des outils citoyens de valorisation et d'évaluation des politiques publiques et de l'action publique : promouvoir les licences libres et les formats ouverts pour les données publiques ; ... Les statuts de l'association sont disponibles en ligne : http://www.regardscitoyens.org/documents/RegardsCitoyens-Statuts-v2.pdf","Affaires institutionnelles, vie publique - Audiovisuel et médias, économie numérique - Budget et finances publiques - Collectivités locales - Gouvernance - Justice et affaires intérieures - Politique régionale - Recherche et technologie - Télécommunications","Monsieur néant néant (Conseil d'administration collégial partageant la responsabilité juridique)","Monsieur Christophe Boutet - Monsieur David Gayou - Monsieur François Massot - Monsieur Tangui Morlier - Monsieur Benjamin Oooghe-Tabanou","10 chemin Tricou 31200 Toulouse France domicilié chez Laurent GUERBY - (+33) 681880298 / 683823466 / 607060907 / 659070845","11 - Tous les membres du Conseil d'administration","En 2013, Regards Citoyens s'est investi dans 3 plaidoyers auprès des parlementaires : - établissement d'un registre obligatoire des lobbyistes permettant de tracer les dépenses et actions des représentants d'intérêts (rencontres vice-président et déontologue, propositions lois transparence) ; - conflits d'intérêts et déontologie de la vie politique : propositions pour les projets de lois pour la Transparence de la vie Politique ; - ouverture des données parlementaires, votes, délégations, ... L'ensemble des plaidoyers et amendements proposés est rendu public à tous en ligne à l'adresse suivante : http://www.regardscitoyens.org/documents/notes/","L'article 9 des statuts de Regards Citoyens encadre la gestion des conflits d'intérêts : ""Un membre ne peut prendre part à une délibération ou un vote lorsque ceux-ci portent sur une décision relative à une autre structure dont il est membre, salarié ou avec laquelle il entretient des liens d'intérêts."" ""Les administrateurs déclarent publiquement leurs intérêts actuels et des 5 dernières années. Le modèle et le mode de déclaration des intérêts est défini par le règlement intérieur.""","Regards Citoyens participe aux activités de plusieurs groupes internationaux : - L'Alliance for Lobbying Transparency and Ethics Regulation (ALTER-EU), coalition de plus de 200 organisations préoccupées par l'influence croissante exercée par les lobbyistes sur l'agenda politique en Europe : http://www.alter-eu.org/- L'Open Knowledge Foundation (groupe local français), organisation à but non lucratif promouvant la culture libre sous toutes ses formes : http://fr.okfn.org - La coalition Opening Parliament rassemble autour de la Déclaration pour l'Ouverture et la Transparence des Parlements une communauté de plus de 100 organisations dans plus de 75 pays : http://www.openingparliament.org/","",3380,2570,540,"",270,"",,,,200,200,"L'essentiel des côuts associables à nos plaidoyers consiste en du temps humain consacré comme bénévoles ainsi qu'aux quelques dépenses de communication, d'électricité ou de frais d'accès à internet pour assurer notre veille, rédiger nos plaidoyers et les faire parvenir aux parlementaires. Quelques dépenses occasionnelles de timbres ou déplacements peuvent également être comptabilisées. Le détail des comptes de l'association est publié en ligne : http://www.nosdonnees.fr/dataset/comptes-de-lassociation-regards-citoyens",,"",,,"Personnes physiques",11,,""
39,"RESEAU FERRE DE FRANCE","RFF","Entreprise","http://www2.assemblee-nationale.fr/representant/representant_interet_detail/39","EPIC","http://www.rff.fr","Gestionnaire d'infrastructure ferroviaire","Budget et finances publiques - Environnement, écologie, développement durable - Immobilier, habitat, logement - Politique régionale - Transports, logistique","Monsieur CHRISTOPHE PIEDNOEL (directeur de la communication, des relations extérieures et de la concertation)","Madame Marie-Reine du BOURG","01 53 94 30 00 92 avenue de France 75648 PARIS FRANCE - (+33) 01 53 94 30 00","10 - Essentiellement le Comex","Table-ronde sur le ferroviaire en Ile-de-France, Audition loi de finances 2013 crédits transport, subvention à RFF Audition en commission du développement durable et commission des finances sur le projet de réforme du ferroviaire. Audition groupe de suivi du Grand Paris Audition commission mobilité 21.","RFF a établi une charte de conduite. Je suis adhérente a l'ARPP (Association des Responsables avec les Pouvoirs Publics) qui a établi une charte éthique.","TDIE : Transport Développement Intermodalité Environnement.",2012,5556,,,,,,5556,,,"Entre 50 000 et 100 000 €","Entre 50 000 et 100 000 €",,,1300,1300,"",,,,
24,"SAUR","SAUR","Entreprise","http://www2.assemblee-nationale.fr/representant/representant_interet_detail/24","Société à actions simplifiées","http://www.saur.fr","Eau, Assainissement, Propreté, Travaux, Ingénierie, Loisirs & Société (Golfs, Campings, Aires des gens du voyage)","Affaires institutionnelles, vie publique - Agroalimentaire - Collectivités locales - Consommation et concurrence - Coopération et Développement - Emploi - Énergie, eau - Environnement, écologie, développement durable - Gouvernance - Industrie - Politique régionale - Recherche et technologie - Sport, loisirs, tourisme","Monsieur Olivier BROUSSE (Président Exécutif)","Monsieur Didier PARIS","1 Antoine Lavoisier 78280 GUYANCOURT France - (+33) 1 30 60 84 00",13000,"Loi Brottes (aspect tarification sociale) - Rapports parlementaires (Martin, Lesage,...) - Fiscalité locale des Golfs - Mesures d'application du CICE - Conférence environnementale","Code bonne conduite de l'Assemblée Nationale et du Sénat","Membre de la Fédération Professionnelle des Entreprises de l'Eau, de l'Association Scientifique et Technique de l'Eau et l'Environnement, du Centre d'Information pour l'Eau",2012,"supérieur à 10 000 000 €",,,,,,"supérieur à 10 000 000 €",,,"Entre 0 et 10 000 €","Entre 0 et 10 000 €",,,13000,11180,1820,,,,
4,"Solocal Group",,"Entreprise","http://www2.assemblee-nationale.fr/representant/representant_interet_detail/4","Société anonyme à conseil d'administration","http://www.solocalgroup.com","3 métiers complémentaires: éditeurs de contenus et de services, média local, conseil et régie publicitaire","Télécommunications","Monsieur Christophe Le Blanc (Directeur des relations institutionnelles)","Monsieur Christophe Le Blanc - Monsieur Maxime Duclaux - Monsieur Maxime Tassin - Madame Marine Pujas - Monsieur Jean-Pierre Remy","7 avenue de la Cristallerie 92317 Sèvres France - (+33) 01 46 23 30 00","5 - La Direction des relations institutionnelles de Solocal Group est en charge des relations du Groupe avec le Parlement","Rendez-vous avec des députés (une dizaine sur l'année)",,"Association Française des Entreprises Privées (AFEP), Syndicat National des Editeurs d'Annuaires (SNA), Syndicat National de la Communication Directe (SNCD), Syndicat des Régies Internet (SRI), Syntec numérique",2012,1000700000,,,,,,1000700000,,,"Entre 40 000 et 50 000 €","Entre 40 000 et 50 000 €",,,4905,4505,400,,,,
19,"Sony France",,"Entreprise","http://www2.assemblee-nationale.fr/representant/representant_interet_detail/19","Succursale de Sony Europe Limited","http://www.sony.fr","Electronique Grand Public et Professionnelle","Audiovisuel et médias, économie numérique - Commerce, distribution - Consommation et concurrence - Industrie - Recherche et technologie - Télécommunications","Monsieur Benoît LAMBERT (Directeur Général)","Madame Julie ROBIN - Monsieur Arnaud BRUNET","49-51 quai de Dion Bouton 92800 Puteaux France - (+33) 155903000",2,"Rapport Lescure Libération de la Bande des 700 MHz / Avenir de la TNT Projet de Loi Consommation Etc.","Entreprise: code de conduite du Groupe Sony Julie Robin: charte éthique des membres de l'association BASE","Simavelec USPII (SNSII + SIPEC) Unicime HD Forum","01.04.2012-31.03.2013","supérieur à 10 000 000 €",,,,,,"supérieur à 10 000 000 €",,,"Entre 0 et 10 000 €","Entre 0 et 10 000 €",,,147202,902,146300,,,,
1,"Syndicat des entreprises de taille intermédiaire et des entreprises patrimoniales","ASMEP-ETI","Syndicat","http://www2.assemblee-nationale.fr/representant/representant_interet_detail/1","Syndicat","http://www.asmep-eti.fr","Faire connaître et promouvoir dans le débat public, les 4600 ETI françaises qui constituent des acteurs majeurs de notre économie ; - Porter la voix des ETI auprès des pouvoirs publics et des acteurs institutionnels ; - Proposer des mesures concrètes pour garantir la pérennité des ETI (notamment patrimoniales) et favoriser un écosystème propice à leur développement. - Garantir les conditions de transmission et de pérennité des ETI notamment patrimoniales en défendant les acquis des « Pactes » et en faisant des propositions aux pouvoirs publics pour les renforcer; - Améliorer l’écosystème de compétitivité des ETI en promouvant la mise en place, à l’instar du Mittelstand allemand, d’une véritable politique publique en faveur de leur développement; - Installer durablement la marque ETI dans le paysage institutionnel et le débat public. Capitalisme raisonné, investissement de long terme, ancrage territorial et « Made in France », relations sociales souvent sereines… autant de qualités des ETI qui doivent aujourd’hui être mises au service du redressement compétitif du site France.","Affaires institutionnelles, vie publique - Agroalimentaire - Bâtiment, travaux publics - Banque, Assurance, finances - Budget et finances publiques - Commerce, distribution - Consommation et concurrence - Droit des sociétés - Emploi - Énergie, eau - Fiscalité - Finances sociales - Gouvernance - Immobilier, habitat, logement - Industrie - Transports, logistique","Monsieur Alexandre MONTAY (Délégué Général)","Monsieur Alexandre MONTAY - Monsieur Alexis BOUYGUES","18 rue Boissière 75116 Paris France RAS - (+33) 01.56.26.00.66",2,"Rencontres entre parlementaires et chefs d'entreprises - Information des parlementaires et pistes de propositions - Participation à des groupes de travail",,"Membre associé du MEDEF Membre d'EFB (European Family Business Network)",2013,810000,"","",810000,"","",,,,"Entre 0 et 10 000 €","Entre 0 et 10 000 €","",,5,,,"Personnes morales - Entreprises",,600,"Entreprises membres du Conseil d'Administration d'ASMEP-ETI: - Sisley - Thuasne - Lyreco - TS0 - Henner - Poujoulat - Bel - Bongrain - L'Oréal - Bic - Exacompta-Clairefontaine - A. Raymond - Fayat - Oddo"
42,"Syndicat Français Des Ostéopathes","SFDO","Syndicat","http://www2.assemblee-nationale.fr/representant/representant_interet_detail/42","Syndycat professionnel","http://www.osteopathe-syndicat.fr","Sensibiliser le Parlement aux enjeux de la profession, être partie prenante du processus de décision, rester informé des enjeux et projets politiques concernant la profession.","Professions libérales - Santé","Monsieur Philippe STERLINGOT (Président)","Monsieur Philippe STERLINGOT - Monsieur Thibault DUBOIS","13 DULAC 75015 PARIS FRANCE secretariat@osteopathe-syndicat.fr - (+33) 09 81 81 24 49",2,"Les adhérents du SFDO ont été invités à adresser un courrier comportant une note d'intention à leurs parlementaires. De très nombreuses questions écrites ont fait suite à cette action. Contacts parlementaires réguliers sur l'évolution du processus en cours. Le SFDO participe activement au processus de refonte du dispositif de formation des ostéopathes. Le SFDO a participé à la rédaction d'une proposition de loi visant à réformer le cadre actuel de la formation en ostéopathie, texte finalisé et prêt à être porté par plusieurs parlementaires, sensibilisés à la cause de l'ostéopathie.","Respect du Code de Déontologie des Ostéopathes, applicable aux membres du SFDO.","Le SFDO est membre du Forum for Osteopathic Regulation in Europe (FORE) ; membre de l'Unité Pour l'Ostéopathie : collectif ad hoc, regroupant des organisations socioprofessionnelles des syndicats d'établissements d'enseignement supérieur en ostéopathie, une fédération d'étudiants. Le SFDO est partenaire de la ""Cranial Academy of osteopathy"", référence internationale en matière d'ostéopathie crânienne. Le SFDO est le premier et le seul représentant des ostéopathes au Fonds Interprofessionnel de Formation des Professionnels Libéraux depuis début 2011. Le SFDO est aussi membre de l'UNAPL depuis 2010.","2012/2013",505127,"","",441390,"",63737,,,,"Entre 10 000 et 20 000 €","Entre 10 000 et 20 000 €",,,5,,,"Personnes physiques - Professionnels libéraux",1100,,""
37,"Syndicat National des Auteurs d'Inventions Indépendants-cgt","S.N.A.I.I-C.G.T","Syndicat","http://www2.assemblee-nationale.fr/representant/representant_interet_detail/37","Ville de Paris: 20120075; Préfecture : 20981; Sigle : INPI 12 3 908 727","http://www.ipab-asscociations/SNAII-CGT","Objectifs : apporter un ajout dit n°15 à la loi L112-2, qui permettrait que les inventeurs indépendants retrouvent la plénitude de leur droit d'auteur légitime. Missions: Convaincre les parlementaires pour que justice nous soit rendue par l'ajout de ce point.point n°15 : ""les inventions dûment délivrées et reconnues par un Office légal de brevsts à une personne physique, déclarée comme auteur d'inventions indépendant""","Commerce, distribution - Éducation, enseignement, formation - Emploi - Environnement, écologie, développement durable - Fiscalité - Industrie - Recherche et technologie","Monsieur Serge CASSAGNE (Secrétaire général)","Madame Geneviève BOITEL - Monsieur Jean-Claude MARET - Monsieur Patrick COUTANT - Monsieur Patrice ROUBINOWITZ - Monsieur René LEDRU","12 de Chaligny aucune 75012 PARIS France Notre siège social est dans les locaux de l'Union locale de la CGT (adresse ci-dessus) - (+33) (0) 1 46 28 11 79","5 - Nous aimerions avoir la possibilité d'organiser des conférences pour expliquer notre projet aux parlementaires","Cette année 2013 le Code de la Propriété intellectuelle a été rafraîchi, dommage que cela n'a pas été en notre faveur. Mais cela prouve que l'on peut le modifier.","Non mais ils sont prêts à signer un engagement de bonne conduite","Notre syndicat est affilié à la Fédération Française des Inventeurs. Il est aussi affilié à la CGT.",2013,800,"","",800,"","",,,,100,100,,,"",,,"Personnes physiques - Les adhérents sont tous syndiqués auprès du SNAII-CGT",20,,""
5,"SYNDICAT NATIONAL DES MONITEURS DU SKI FRANCAISSNMSF","SNMSF","Syndicat","http://www2.assemblee-nationale.fr/representant/representant_interet_detail/5","Syndycat professionnel","http://www.esf.net","Faciliter la reconnaissance de la profession de moniteur de ski auprès des députés.","Éducation, enseignement, formation - Professions libérales - Sport, loisirs, tourisme","Monsieur Gilles CHABERT ( Président)","Monsieur Gilles CHABERT","6 Allée des Mitaillères 38240 MEYLAN France - (+33) 04 76 90 67 36","1 - Gilles CHABERT, Président","",,,"2012/2013",5000000,"","",5000000,"","",,,,"Entre 10 000 et 20 000 €","Entre 10 000 et 20 000 €",,,1960,,,"Personnes physiques - Moniteurs de ski des Ecoles du Ski Français, travailleurs indépendants",17000,,""
33,"THALES",,"Entreprise","http://www2.assemblee-nationale.fr/representant/representant_interet_detail/33","Société Anonyme","http://www.thalesgroup.com","Aéronautique, espace, défense, sécurité, transports",,"Monsieur Hervé MULTON (Directeur Général adjoint Stratégie, Recherche et Technologie)","Madame Isabelle CAPUTO","45 de Villiers 92200 Neuilly-sur-Seine FRANCE - 157778000",3,"Veille législative, rendez-vous avec Rapporteurs et Députés","Code d'Ethique de Thales","GIFAS",2012,14000000000,,,,,,14000000000,,,"Entre 100 000 et 150 000 €","Entre 100 000 et 150 000 €",,,100700,34700,66000,,,,
9,"Thomas Legrain Conseil",,"Cabinets de consultants spécialisés","http://www2.assemblee-nationale.fr/representant/representant_interet_detail/9","SARL","http://www.thomas-legrain-conseil.com","Depuis 2007, nous intervenons dans les domaines du conseil en stratégie, du lobbying et de la communication d’influence.Nous avons comme objectif d’aider nos clients à :Comprendre les mutations de leurs marchés Mettre en place des dispositifs de veille Gérer les relations avec les pouvoirs publics et les relais d'opinion Défendre leurs intérêts Gérer les relations presse Définir une stratégie de communication Accroître leur influence Exploiter de nouvelles opportunités de développement","Gouvernance - Industrie - Professions libérales - Santé","Monsieur Thomas Legrain (Associé gérant)","Monsieur Thomas Legrain","15-23 Léon Geffroy 94400 Vitry-sur-Seine France - 146807325",1,,"Charte de l'AFCL","Membre de l'Association des Conseils en Lobbying et Affaires Publiques (AFCL)","1er avril 2012 - 31 mars 2013","Entre 50 000 et 100 000 €",,,,,,,"Gouvernance - inférieur à 50 000 € - Industrie - inférieur à 50 000 € - Professions libérales - inférieur à 50 000 € - Santé - inférieur à 50 000 €","Entre 50 000 et 100 000 €",,"Entre 50 000 et 100 000 €",,"Union Française de la Bijouterie, Joaillerie, Orfèvrerie, des Pierres & des Perles (UFBJOP) Association des Femmes Huissiers de Justice de France (AFHJF) Cercle d’Etude et de Rapprochement de Dermatologie et Psychanalyse (CERDP) Jerlaure",1,,,,,,
48,"Transdev",,"Entreprise","http://www2.assemblee-nationale.fr/representant/representant_interet_detail/48","Société Anonyme","http://transdev.net","Transport public, Mobilité durable","Transports, logistique","Monsieur Jean-Marc JANAILLAC (Président-Directeur général)","Monsieur Laurent MAZILLE","32 Boulevard Gallieni 92130 Issy les Moulineaux France - (+33) 1 74 34 20 00",2,"auditions à la demande des commissions; rendez-vous avec les députés et les administrateurs; suivi des travaux parlementaires (ferroviaire, décentralisation, transports, fiscalité des entreprises, transposition de directive européenne).","Le Groupe Transdev a adopté un Code éthique en 2013","UITP (union internationale des transports publics) UTP (union des transports publics et ferroviaires français) UNSPIC (union nationale des services publics industriels et commerciaux) Institut de la gestion déléguée Communauté européenne du rail FNTV (fédération nationale des transports de voyageurs)",2012,"Entre 7 750 000 et 8 000 000 €",,,,,,"Entre 7 750 000 et 8 000 000 €",,,"Entre 200 000 et 250 000 €","Entre 200 000 et 250 000 €",,,95000,35000,60000,,,,
38,"Transparency International","Transparency France","Organisation non gouvernementale","http://www2.assemblee-nationale.fr/representant/representant_interet_detail/38","Association loi 1901","http://www.transparency-france.org","Transparency International France a pour objectif de contribuer à améliorer la transparence et l'intégrité de la vie publique et économique. par son action résolue en matière de prévention et de lutte contre la corruption, Transparency International France entend contribuer au développement de comportements éthiques et, ce faisant, aux conditions de la confiance entre les différents acteurs de la société.","Affaires institutionnelles, vie publique - Banque, Assurance, finances - Collectivités locales - Environnement, écologie, développement durable - Gouvernance - Justice et affaires intérieures","Monsieur Daniel Lebègue (Président)","Madame Myriam Savy","14 Passage Dubail 75010 Paris France - (+33) 0184169565","6 - Les représentants de Transparency International France, qui participent, au nom de l'association, à des actions de lobbying auprès des députés ne sont pas les mêmes en fonction du sujet traité (domaines d'expertise spécifiques).","Actions dans le cadre des débats parlementaires sur les projets de loi (veille législative, rédaction d'argumentaires, auditions, communications): transparence de la vie publique, lutte contre la fraude fiscale et la grande délinquance économique et financière, indépendance de l'expertise sanitaire et protection des lanceurs d'alerte, réforme de la justice, encadrement du lobbying.","Transparency International France dispose d'une charte rappelant les valeurs, les principes fondateurs et les engagements pris par l'ensemble des personnes qui adhèrent à l'association.","Transparency International France est membre du mouvement international Transparency International (secrétariat international basé à Berlin, Allemagne) L'association est également membre de la plateforme d'ONG ""Paradis fiscaux et judiciaires"" et de la coalition française ""Publiez ce que vous payez"".","",243880,37298,20117,126292,36760,23412,,,,"Entre 10 000 et 20 000 €","Entre 10 000 et 20 000 €","L'estimation des coûts est calculée à partir du salaire versé à la personne chargée du plaidoyer (en % du temps consacré), les autres représentants de l'association étant bénévoles.",,5,,,"Personnes physiques Personnes morales - entreprises, ordres professionnels, associations",230,26,"Aéroports de Paris, Association nationale des sociétés par actions, BNP Paribas, Carrefour, Compagnie nationale des commissaires aux comptes, Conseil supérieur de l'ordre des experts-comptables, Crédit Agricole SA, Crédit mutuel, Ernst and Young France, Essilor, GDF Suez, KPMG France, La Poste, Lafarge, La Française des Jeux, Macif gestion, Natixis, ORSE, Service Public 2000, SGS France, Société générale, Suez Environnement, Tilder, L'Oréal, Pernod Ricard, Hôtel Cyrnos"
35,"VAINCRE L'AUTISME",,"Association","http://www2.assemblee-nationale.fr/representant/representant_interet_detail/35","Association loi 1901","http://www.vaincrelautisme.org","Faire connaître et reconnaître l'autisme en tant que maladie. Innover en matière de droit et de prise en charge aux niveau national et international. Représentative, VAINCRE L'AUTISME est force de proposition auprès des familles, des professionnels, des chercheurs, des institutions et des pouvoirs publics.","Éducation, enseignement, formation - Handicap - Santé","Monsieur M'Hammed SAJIDI (Président)","Monsieur M'Hammed SAJIDI","51 Servan 75011 Paris France Le siège social a été transféré par décision du Conseil d'Administration en date du 10/11/13 (auparavant le siège était siuté au 51 rue Léon Frot 75011 Paris). - 147004783",3,"Actions auprès des parlementaires au sujet du 3ème plan autisme : sensibilisation et rencontres pour un appui au développement des structures innovantes (FuturoSchool) et à la scolarisation des enfants autistes. Dans le cadre de notre action de défense, information des parlementaires qui pour certains sont intervenus ultérieurement auprès des pouvoirs publics.","VAINCRE L'AUTISME dispose de sa propre charte d'éthique (disponible sur le site internet de l'association).",,"",1598415,1298779,125998,10000,163128,510,,,,"Entre 10 000 et 20 000 €","Entre 10 000 et 20 000 €",,,23,,,"Personnes physiques - Parents de personnes autistes",2260,,"Aucune personne morale membre de VAINCRE L'AUTISME"
